#{"t_start": 1739625760.150149, "env_id": "ISOEnv-v0"}
r,l,t
-94753959.580569,48,1.268738
-10072906.974993,48,5.773192
