#{"t_start": 1739625746.998988, "env_id": "ISOEnv-v0"}
r,l,t
-94753959.580569,48,0.138297
-8499884.715359,48,0.268274
-112299133.400029,48,0.379136
-21149355.570078,48,0.489019
-1548444.252151,48,0.604433
-121382589.162432,48,0.723306
-85145229.787211,48,0.861009
-8594723.736801,48,0.99253
-170285629.257527,48,1.104219
-88875388.321072,48,1.235562
